Janelia Gal4 lines,nickname,chromosome I,chromosome II,chromosome III,"source, date",notes,
J-01,R71G01-Gal4 (III),w[1118],+,P{w[+mC]=GMR71G01-GAL4}attP2,"Bloom 39599, 9/2012",P1 neuron driver that mediates courtship behavior in males. Yufeng Pan et al. PNAS 2012.,40x
J-02,R33F10-Gal4 (III),w[1118],+,P{w[+mC]=GMR33F10-GAL4}attP2,"Bloom 49755, 9/2012 (via Troy Shirangi)","Troy Shirangi: ""It drives strong expression in motor neurons that innervate the b1, b3, b2 (stochastically), hg1, hg2, ps1, jump, and I1 (weakly) muscles.""",40x
J-03,R75B06-Gal4 (III),w[1118],+,P{w[+mC]=GMR75B06-GAL4}attP2,"Bloom 46930, 9/2012, (via Troy Shirangi)","Troy Shirangi: "" strongly targets most steering muscles, with no expression in the dlms or dvms"" / Thad's stock request",
J-04,R27B03-Gal4 (III),w[*],+,R27B03-Gal4 (attp2),"Marie, 9/2011",Vivek Jayaraman's Lobula plate driver,40x
J-05,R20C05-Gal4 (III),w[+] HCS,+,P{w[+mC]=GMR20C05-GAL4}attP2,Bloom 48883,Akira's and Marie's stock request.  In-house w+ swap.,40x
J-06,R34E03-Gal4 (III),w[1118],+,"P{w[+mC]=GMR34E03-GAL4}attP2/ TM3, Sb[1]",Bloom 48123,Akira's stock request,
J-07,R67A12-Gal4 (III),w[+] HCS,+,P{w[+mC]=GMR67A12-GAL4}attP2,Bloom 39401,Akira's stock request,40x
J-08,R34B03-Gal4 (III),w[1118],+,"P{w[+mC]=GMR34B03-GAL4}attP2/ TM3, Sb[1]",Bloom 47549,Marie's stock request,40x
J-09,R78F01-Gal4 (III),w[1118],+,P{w[+mC]=GMR78F01-GAL4}attP2,Bloom 40003,Marie's stock request,
J-10,R15C02-Gal4 (III),w[1118],+,P{w[+mC]=GMR15C02-GAL4}attP2,Bloom 49262,Bettina's stock request,
J-11,R10B01-Gal4 (III),w[1118],+,P{w[+mC]=GMR10B01-GAL4}attP2,Bloom 49234,Bettina's stock request,
J-12,R71D03-Gal4 (III),w[1118],+,P{w[+mC]=GMR71D03-GAL4}attP2,Bloom 39581,Bettina's stock request,
J-13,R39A05-Gal4 (III),w[1118],+,P{w[+mC]=GMR39A05-GAL4}attP2,Bloom 50033,Bettina's stock request,
J-14,R21G04-Gal4 (III),w[1118],+,P{w[+mC]=GMR21G04-GAL4}attP2,Bloom 48953,Bettina's stock request,
J-15,R24E09-Gal4 (III),w[1118],+,P{w[+mC]=GMR24E09-GAL4}attP2,Bloom 49083,Bettina's stock request,
J-16,R28D01-Gal4 (III),w[+] HCS,+,P{y[+t7.7] w[+mC]=GMR28D01-GAL4}attP2,Bloom 47342,"Floris' stock request, w+ added by Anne",
J-17,R15B07-Gal4 (III),w[+] HCS,+,P{y[+t7.7] w[+mC]=GMR15B07-GAL4}attP2,Bloom 48678,"Floris' stock request, w+ added by Anne",
J-18,R64H12-Gal4 (III),w[1118],+,P{y[+t7.7] w[+mC]=GMR64H12-GAL4}attP2,Bloom 39327,Thad's stock request,
J-19,R10E11-Gal4 (III),w[1118],+,P{y[+t7.7] w[+mC]=GMR10E11-GAL4}attP2,Bloom 47449,Thad's stock request,
J-20,R29H04-Gal4 (III),w[1118],+,P{y[+t7.7] w[+mC]=GMR29H04-GAL4}attP2,Bloom 49505,Thad's stock request,
J-21,R31E10-Gal4 (III),w[1118],+,P{y[+t7.7] w[+mC]=GMR31E10-GAL4}attP2,Bloom 49680,Thad's stock request,
J-22,,,,,,,
J-23,R39E01-Gal4 (III),w[1118],+,P{y[+t7.7] w[+mC]=GMR39E01-GAL4}attP2,Bloom 50048,Thad's stock request,
J-24,R42F06-Gal4 (III),w[1118],+,P{y[+t7.7] w[+mC]=GMR42F06-GAL4}attP2,Bloom 41253,Bettina's stock request; Label T4 and T5 cells,
J-25,R20D06-Gal4 (III),w[1118],+,P{y[+t7.7] w[+mC]=GMR20D06-GAL4}attP2,Bloom 48892,Bettina's stock request,
J-26,R23F06-Gal4 (III),w[1118],+,P{y[+t7.7] w[+mC]=GMR23F06-GAL4}attP2,Bloom 49036,Bettina's stock request,
J-27,R53D04-Gal4 (III),w[1118],+,P{y[+t7.7] w[+mC]=GMR53D04-GAL4}attP2,Bloom 49396,Bettina's stock request,
J-28,R27G06-Gal4 (III),w[1118],+,P{y[+t7.7] w[+mC]=GMR27G06-GAL4}attP2,Bloom 49433,Bettina's and Thad's stock request,
J-29,R12E04-Gal4 (III),w[1118],+,P{y[+t7.7] w[+mC]=GMR12E04-GAL4}attP2,Bloom 48508,Max's stock request,
J-30,R16D01-Gal4 (III),w[1118],+,P{y[+t7.7] w[+mC]=GMR16D01-GAL4}attP2,Bloom 48722,Max's stock request,
J-31,R23H05-Gal4 (III),w[1118],+,P{y[+t7.7] w[+mC]=GMR23H05-GAL4}attP2,Bloom 49049,Max's stock request,
J-32,R28C12-Gal4 (III),w[1118],+,"P{y[+t7.7] w[+mC]=GMR28C12-GAL4}attP2/TM3, Sb[1]",Bloom 48076,Max's stock request,
J-33,R38B06-Gal4 (III),w[1118],+,P{y[+t7.7] w[+mC]=GMR38B06-GAL4}attP2,Bloom 49986,Max's stock request,
J-34,R38C04-Gal4 (III),w[1118],+,P{y[+t7.7] w[+mC]=GMR38C04-GAL4}attP2,Bloom 49990,Max's stock request,
J-35,R38E07-Gal4 (III),w[1118],+,P{y[+t7.7] w[+mC]=GMR38E07-GAL4}attP2,Bloom 50007,Max's stock request,
J-36,R40A01-Gal4 (III),w[1118],+,P{y[+t7.7] w[+mC]=GMR40A01-GAL4}attP2,Bloom 50072,Max's stock request,
J-37,R47B04-Gal4 (III),w[1118],+,P{y[+t7.7] w[+mC]=GMR47B04-GAL4}attP2,Bloom 50295,Max's stock request,
J-38,R52G12-Gal4 (III),w[1118],+,P{y[+t7.7] w[+mC]=GMR52G12-GAL4}attP2,Bloom 49581,Max's stock request,
J-39,R58F03-Gal4 (III),w[1118],+,P{y[+t7.7] w[+mC]=GMR58F03-GAL4}attP2,Bloom 39187,Max's stock request,
J-40,R67B06-Gal4 (III),w[1118],+,"P{y[+t7.7] w[+mC]=GMR67B06-GAL4}attP2/TM3, Sb[1]",Bloom 48294,Max's stock request,
J-41,R67D09-Gal4 (III),w[1118],+,P{y[+t7.7] w[+mC]=GMR67D09-GAL4}attP2,Bloom 49618,Max's stock request,
J-42,R68A10-Gal4 (III),w[1118],+,P{y[+t7.7] w[+mC]=GMR68A10-GAL4}attP2,Bloom 39451,Max's stock request,
J-43,R71A02-Gal4 (III),w[1118],+,P{y[+t7.7] w[+mC]=GMR71A02-GAL4}attP2,Bloom 39560,Max's stock request,
J-44,R72E09-Gal4 (III),w[1118],+,P{y[+t7.7] w[+mC]=GMR72E09-GAL4}attP2,Bloom 39777,Max's stock request,
J-45,R73A06-Gal4 (III),w[1118],+,P{y[+t7.7] w[+mC]=GMR73A06-GAL4}attP2,Bloom 39805,Max's stock request,
J-46,R73B05-Gal4 (III),w[1118],+,"P{y[+t7.7] w[+mC]=GMR73B05-GAL4}attP2/TM3, Sb[1]",Bloom 48312,Max's stock request,
J-47,R75G12-Gal4 (III),w[1118],+,P{y[+t7.7] w[+mC]=GMR75G12-GAL4}attP2,Bloom 39906,Max's stock request,
J-48,R77E05-Gal4 (III),w[1118],+,P{y[+t7.7] w[+mC]=GMR77E05-GAL4}attP2,Bloom 48338,Max's stock request,
J-49,R84C10-Gal4 (III),w[1118],+,"P{y[+t7.7] w[+mC]=GMR84C10-GAL4}attP2/TM3, Sb[1]",Bloom 48378,Max's stock request,
J-50,R85H06-Gal4 (III),w[1118],+,P{y[+t7.7] w[+mC]=GMR85H06-GAL4}attP2,Bloom 40440,Max's stock request,
J-51,R87D07-Gal4 (III),w[1118],+,"P{y[+t7.7] w[+mC]=GMR87D07-GAL4}attP2/TM3, Sb[1]",Bloom 48391,Max's stock request,
J-52,R89E07-Gal4 (III),w[1118],+,P{y[+t7.7] w[+mC]=GMR89E07-GAL4}attP2,Bloom 40553,Max's stock request,
J-53,R89F06-Gal4 (III),w[1118],+,"P{y[+t7.7] w[+mC]=GMR89F06-GAL4}attP2/TM3, Sb[1]",Bloom 48408,Max's stock request,
J-54,R91D10-Gal4 (III),w[1118],+,P{y[+t7.7] w[+mC]=GMR91D10-GAL4}attP2,Bloom 40582,Max's and Thad's stock request,
J-55,R95G08-Gal4 (III),w[1118],+,P{y[+t7.7] w[+mC]=GMR95G08-GAL4}attP2,Bloom 40715,Max's stock request,
J-56,R95G08-Gal4 (III),w[1118],+,P{y[+t7.7] w[+mC]=GMR95A11-GAL4}attP2,Bloom 48834,Akira's stock request,
J-57,R46D07-Gal4 (III),w[1118],+,P{y[+t7.7] w[+mC]=GMR46D07-GAL4}attP2,Bloom 50265,Akira's stock request,
J-58,R94F10-Gal4 (III),w[1118],+,"P{y[+t7.7] w[+mC]=GMR94F10-GAL4}attP2/TM3, Sb[1]",Bloom 48028,Akira's stock request,
J-59,R93C06-Gal4 (III),w[1118],+,P{y[+t7.7] w[+mC]=GMR93C06-GAL4}attP2,Bloom 40647,Akira's stock request,
J-60,R16G01-Gal4 (III),w[1118],+,P{y[+t7.7] w[+mC]=GMR16G01-GAL4}attP2,Bloom 45420,Akira's and Thad's stock request,
J-61,R75F07-Gal4 (III),w[1118],+,P{y[+t7.7] w[+mC]=GMR75F07-GAL4}attP2,Bloom 39902,Akira's stock request,
J-62,R93B06-Gal4 (III),w[1118],+,P{y[+t7.7] w[+mC]=GMR93B06-GAL4}attP2,Bloom 47217,Akira's stock request,
J-63,R76C04-Gal4 (III),w[1118],+,"P{y[+t7.7] w[+mC]=GMR76C04-GAL4}attP2/TM3, Sb[1]",Bloom 48621,Akira's stock request. This stock also has strong machrochete bristle expression -Thad.,
J-64,R95D12-Gal4 (III),w[1118],+,P{y[+t7.7] w[+mC]=GMR95D12-GAL4}attP2,Bloom 47286,Akira's stock request,
J-65,R75F02-Gal4 (III),w[1118],+,P{y[+t7.7] w[+mC]=GMR75F02-GAL4}attP2,Bloom 39898,Akira's and Thad's stock request,
J-66,R93B02-Gal4 (III),w[1118],+,P{y[+t7.7] w[+mC]=GMR93B02-GAL4}attP2,Bloom 47214,Akira's stock request,
J-67,R17F03-Gal4 (III),w[1118],+,P{y[+t7.7] w[+mC]=GMR17F03-GAL4}attP2,Bloom 48775,Max's stock request,
J-68,R10H03-Gal4 (III),w[1118],+,P{y[+t7.7] w[+mC]=GMR10H03-GAL4}attP2,Bloom 47845,Anne's stock request,
J-69,R13B06-Gal4 (III),w[1118],+,P{y[+t7.7] w[+mC]=GMR13B06-GAL4}attP2,Bloom 48544,Anne's stock request,
J-70,R14B04-Gal4 (III),w[1118],+,P{y[+t7.7] w[+mC]=GMR14B04-GAL4}attP2,Bloom 48599,Anne's stock request,
J-71,R15F10-Gal4 (III),w[1118],+,P{y[+t7.7] w[+mC]=GMR15F10-GAL4}attP2,Bloom 49266,Anne's stock request,
J-72,R17A03-Gal4 (III),w[1118],+,P{y[+t7.7] w[+mC]=GMR17A03-GAL4}attP2,Bloom 48749,Anne's stock request,
J-73,R17G01-Gal4 (III),w[1118],+,P{y[+t7.7] w[+mC]=GMR17G01-GAL4}attP2,Bloom 48780,Anne's stock request,
J-74,R17G05-Gal4 (III),w[1118],+,P{y[+t7.7] w[+mC]=GMR17G05-GAL4}attP2,Bloom 48782,Anne's stock request,
J-75,R22E04-Gal4 (III),w[1118],+,P{y[+t7.7] w[+mC]=GMR22E04-GAL4}attP2,Bloom 49873,Anne's stock request,
J-76,R25F11-Gal4 (III),w[1118],+,P{y[+t7.7] w[+mC]=GMR25F11-GAL4}attP2,Bloom 49133,Anne's stock request,
J-77,R28C05-Gal4 (III),w[1118],+,P{y[+t7.7] w[+mC]=GMR28C05-GAL4}attP2,Bloom 49450,Anne's stock request,
J-78,R29G05-Gal4 (III),w[1118],+,P{y[+t7.7] w[+mC]=GMR29G05-GAL4}attP2,Bloom 49498,"Anne's stock request.  Expressed in haltere sensory neurons, and in a subset of flight steering muscles.",
J-79,R31A09-Gal4 (III),w[1118],+,P{y[+t7.7] w[+mC]=GMR31A09-GAL4}attP2,Bloom 49659,Anne's and Thad's stock request,
J-80,R33H06-Gal4 (III),w[1118],+,P{y[+t7.7] w[+mC]=GMR33H06-GAL4}attP2,Bloom 47547,"Anne's stock request, pan sensory line used for CaMPARI project (Ainne)",
J-81,R34H09-Gal4 (III),w[1118],+,P{y[+t7.7] w[+mC]=GMR34H09-GAL4}attP2,Bloom 49807,Anne's stock request,
J-82,R45H03-Gal4 (III),w[1118],+,P{y[+t7.7] w[+mC]=GMR45H03-GAL4}attP2,Bloom 50247,Anne's stock request,
J-83,R54H01-Gal4 (III),w[1118],+,P{y[+t7.7] w[+mC]=GMR54H01-GAL4}attP2,Bloom 47650,Anne's stock request,
J-84,R56B12-Gal4 (III),w[1118],+,P{y[+t7.7] w[+mC]=GMR56B12-GAL4}attP2,Bloom 49592,Anne's stock request,
J-85,R56G08-Gal4 (III),w[1118],+,P{y[+t7.7] w[+mC]=GMR56G08-GAL4}attP2,Bloom 39162,Anne's stock request,
J-86,R58F02-Gal4 (III),w[1118],+,P{y[+t7.7] w[+mC]=GMR58F02-GAL4}attP2,Bloom 39186,Anne's stock request,
J-87,R60A06-Gal4 (III),w[1118],+,P{y[+t7.7] w[+mC]=GMR60A06-GAL4}attP2,Bloom 39233,Anne's stock request,
J-88,R60B12-Gal4 (III),w[1118],+,P{y[+t7.7] w[+mC]=GMR60B12-GAL4}attP2,Bloom 39239,Anne's stock request,
J-89,R71C02-Gal4 (III),w[1118],+,P{y[+t7.7] w[+mC]=GMR71C02-GAL4}attP2,Bloom 39571,Anne's stock request,
J-90,R74B09-Gal4 (III),w[1118],+,P{y[+t7.7] w[+mC]=GMR74B09-GAL4}attP2,Bloom 47740,Anne's stock request,
J-91,R74C08-Gal4 (III),w[1118],+,P{y[+t7.7] w[+mC]=GMR74C08-GAL4}attP2,Bloom 46711,Anne's stock request,
J-92,R74G01-Gal4 (III),w[1118],+,P{y[+t7.7] w[+mC]=GMR74G01-GAL4}attP2,Bloom 39868,Anne's stock request,
J-93,R75G02-Gal4 (III),w[1118],+,P{y[+t7.7] w[+mC]=GMR75G02-GAL4}attP2,Bloom 39903,Anne's stock request,
J-94,R76C05-Gal4 (III),w[1118],+,P{y[+t7.7] w[+mC]=GMR76C05-GAL4}attP2,Bloom 39924,Anne's stock request,
J-95,R77B08-Gal4 (III),w[1118],+,P{y[+t7.7] w[+mC]=GMR77B08-GAL4}attP2,Bloom 39951,Anne's stock request,
J-96,R86H12-Gal4 (III),w[1118],+,"P{y[+t7.7] w[+mC]=GMR86H12-GAL4}attP2/TM3, Sb[1]",Bloom 48387,Anne's stock request,
J-97,R94C04-Gal4 (III),w[1118],+,P{y[+t7.7] w[+mC]=GMR94C04-GAL4}attP2,Bloom 47250,Anne's stock request,
J-98,R49G02-Gal4 (III),w[1118],+,P{y[+t7.7] w[+mC]=GMR49G02-GAL4}attP2,Bloom 38703,Thad's stock request,
J-99,R51E06-Gal4 (III),w[1118],+,P{y[+t7.7] w[+mC]=GMR51E06-GAL4}attP2,Bloom 38783,Thad's stock request,
J-100,R55D06-Gal4 (III),w[1118],+,P{y[+t7.7] w[+mC]=GMR55D06-GAL4}attP2,Bloom 39113,Thad's stock request,
J-101,R58G03-Gal4 (III),w[1118],+,P{y[+t7.7] w[+mC]=GMR58G03-GAL4}attP2,Bloom 39193,Thad's stock request,
J-102,R60C09-Gal4 (III),w[1118],+,P{y[+t7.7] w[+mC]=GMR60C09-GAL4}attP2,Bloom 39243,Thad's stock request,
J-103,R65H03-Gal4 (III),w[1118],+,P{y[+t7.7] w[+mC]=GMR65H03-GAL4}attP2,Bloom 39378,Thad's stock request,
J-104,R67B08-Gal4 (III),w[1118],+,P{y[+t7.7] w[+mC]=GMR67B08-GAL4}attP2,Bloom 39404,Thad's stock request,
J-105,R67C01-Gal4 (III),w[1118],+,P{y[+t7.7] w[+mC]=GMR67C01-GAL4}attP2,Bloom 39406,Thad's stock request,
J-106,,,,,,,
J-107,R75F06-Gal4 (III),w[1118],+,P{y[+t7.7] w[+mC]=GMR75F06-GAL4}attP2,Bloom 39901,Thad's stock request,
J-108,R81A06-Gal4 (III),w[1118],+,P{y[+t7.7] w[+mC]=GMR81A06-GAL4}attP2,Bloom 40099,Thad's stock request,
J-109,R81B11-Gal4 (III),w[1118],+,P{y[+t7.7] w[+mC]=GMR81B11-GAL4}attP2,Bloom 40106,Thad's stock request,
J-110,R82E06-Gal4 (III),w[1118],+,P{y[+t7.7] w[+mC]=GMR82E06-GAL4}attP2,Bloom 40149,Thad's stock request,
J-111,R82E12-Gal4 (III),w[1118],+,P{y[+t7.7] w[+mC]=GMR82E12-GAL4}attP2,Bloom 40153,Thad's stock request,
J-112,R86H08-Gal4 (III),w[1118],+,P{y[+t7.7] w[+mC]=GMR86H08-GAL4}attP2,Bloom 40471,Thad's stock request,
J-113,R87B04-Gal4 (III),w[1118],+,P{y[+t7.7] w[+mC]=GMR87B04-GAL4}attP2,Bloom 40477,Thad's stock request,
J-114,R88G08-Gal4 (III),w[1118],+,P{y[+t7.7] w[+mC]=GMR88G08-GAL4}attP2,Bloom 40528,Thad's stock request,
J-115,R89E06-Gal4 (III),w[1118],+,P{y[+t7.7] w[+mC]=GMR89E06-GAL4}attP2,Bloom 40552,Thad's stock request,
J-116,R89E10-Gal4 (III),w[1118],+,P{y[+t7.7] w[+mC]=GMR89E10-GAL4}attP2,Bloom 40556,Thad's stock request,
J-117,R92A12-Gal4 (III),w[1118],+,P{y[+t7.7] w[+mC]=GMR92A12-GAL4}attP2,Bloom 40600,Thad's stock request,
J-118,R92G04-Gal4 (III),w[1118],+,P{y[+t7.7] w[+mC]=GMR92G04-GAL4}attP2,Bloom 40626,Thad's stock request,
J-119,R91B09-Gal4 (III),w[1118],+,P{y[+t7.7] w[+mC]=GMR91B09-GAL4}attP2,Bloom 41321,Thad's stock request,
J-120,R19G12-Gal4 (III),w[1118],+,P{y[+t7.7] w[+mC]=GMR19G12-GAL4}attP2,Bloom 47888,Thad's stock request,
J-121,R12D05-Gal4 (III),w[1118],+,P{y[+t7.7] w[+mC]=GMR12D05-GAL4}attP2,Bloom 48501,Thad's stock request,
J-122,R13B05-Gal4 (III),w[1118],+,P{y[+t7.7] w[+mC]=GMR13B05-GAL4}attP2,Bloom 48543,Thad's stock request,
J-123,R89E03-Gal4 (III),w[1118],+,P{y[+t7.7] w[+mC]=GMR89E03-GAL4}attP2,Bloom 40551,Thad's stock request,
J-124,R14E09-Gal4 (III),w[1118],+,P{y[+t7.7] w[+mC]=GMR14E09-GAL4}attP2,Bloom 48645,Thad's stock request,
J-125,R14G02-Gal4 (III),w[1118],+,P{y[+t7.7] w[+mC]=GMR14G02-GAL4}attP2,Bloom 48656,Thad's stock request,
J-126,R14H05-Gal4 (III),w[1118],+,P{y[+t7.7] w[+mC]=GMR14H05-GAL4}attP2,Bloom 48666,Thad's stock request,
J-127,R16C04-Gal4 (III),w[1118],+,P{y[+t7.7] w[+mC]=GMR16C04-GAL4}attP2,Bloom 48717,Thad's stock request,
J-128,R19C08-Gal4 (III),w[1118],+,P{y[+t7.7] w[+mC]=GMR19C08-GAL4}attP2,Bloom 48845,Thad's stock request,
J-129,R20A03-Gal4 (III),w[1118],+,P{y[+t7.7] w[+mC]=GMR20A03-GAL4}attP2,Bloom 48871,Thad's stock request,
J-130,R22B01-Gal4 (III),w[1118],+,P{y[+t7.7] w[+mC]=GMR22B01-GAL4}attP2,Bloom 48967,Thad's stock request,
J-131,R22F07-Gal4 (III),w[1118],+,P{y[+t7.7] w[+mC]=GMR22F07-GAL4}attP2,Bloom 48992,Thad's stock request,
J-132,R22G10--Gal4 (III),w[1118],+,P{y[+t7.7] w[+mC]=GMR22G10-GAL4}attP2,Bloom 49000,Thad's stock request,
J-133,,,,,,,
J-134,R22H10-Gal4 (III),w[1118],+,P{y[+t7.7] w[+mC]=GMR22H10-GAL4}attP2,Bloom 49005,Thad's stock request,
J-135,R23A10-Gal4 (III),w[1118],+,P{y[+t7.7] w[+mC]=GMR23A10-GAL4}attP2,Bloom 49011,Thad's stock request,
J-136,R23G01-Gal4 (III),w[1118],+,P{y[+t7.7] w[+mC]=GMR23G01-GAL4}attP2,Bloom 49040,Thad's stock request,
J-137,R24C04-Gal4 (III),w[1118],+,P{y[+t7.7] w[+mC]=GMR24C04-GAL4}attP2,Bloom 49072,Thad's stock request,
J-138,R25C08-Gal4 (III),w[1118],+,P{y[+t7.7] w[+mC]=GMR25C08-GAL4}attP2,Bloom 49120,Thad's stock request,
J-139,,,,,,,
J-140,R26D10-Gal4 (III),w[1118],+,P{y[+t7.7] w[+mC]=GMR26D10-GAL4}attP2,Bloom 49178,Thad's stock request,
J-141,R26G03-Gal4 (III),w[1118],+,P{y[+t7.7] w[+mC]=GMR26G03-GAL4}attP2,Bloom 49196,Thad's stock request,
J-142,R15E01-Gal4 (III),w[1118],+,P{y[+t7.7] w[+mC]=GMR15E01-GAL4}attP2,Bloom 49265,Thad's stock request,
J-143,R20C03-Gal4 (III),w[1118],+,P{y[+t7.7] w[+mC]=GMR20C03-GAL4}attP2,Bloom 49290,Thad's stock request,
J-144,R22A12-Gal4 (III),w[1118],+,P{y[+t7.7] w[+mC]=GMR22A12-GAL4}attP2,Bloom 49298,Thad's stock request,
J-145,R23H11-Gal4 (III),w[1118],+,P{y[+t7.7] w[+mC]=GMR23H11-GAL4}attP2,Bloom 49310,Thad's stock request,
J-146,R27H01-Gal4 (III),w[1118],+,"P{y[+t7.7] w[+mC]=GMR27H01-GAL4}attP2/TM3, Sb[1]",Bloom 49336,Thad's stock request,
J-147,R31G08-Gal4 (III),w[1118],+,"P{y[+t7.7] w[+mC]=GMR31G08-GAL4}attP2/TM3, Sb[1]",Bloom 49356,Thad's stock request,
J-148,R28G03-Gal4 (III),w[1118],+,P{y[+t7.7] w[+mC]=GMR28G03-GAL4}attP2,Bloom 49467,Thad's stock request,
J-149,R29E05-Gal4 (III),w[1118],+,P{y[+t7.7] w[+mC]=GMR29E05-GAL4}attP2,Bloom 49487,Thad's stock request,
J-150,R30C08-Gal4 (III),w[1118],+,P{y[+t7.7] w[+mC]=GMR30C08-GAL4}attP2,Bloom 49529,Thad's stock request,
J-151,R42H06-Gal4 (III),w[1118],+,P{y[+t7.7] w[+mC]=GMR42H06-GAL4}attP2,Bloom 49552,Thad's stock request,
J-152,R53H07-Gal4 (III),w[1118],+,P{y[+t7.7] w[+mC]=GMR53H07-GAL4}attP2,Bloom 49587,Thad's stock request,
J-153,R32D02-Gal4 (III),w[1118],+,P{y[+t7.7] w[+mC]=GMR32D02-GAL4}attP2,Bloom 49709,Thad's stock request,
J-154,R32F09-Gal4 (III),w[1118],+,P{y[+t7.7] w[+mC]=GMR32F09-GAL4}attP2,Bloom 49724,Thad's stock request,
J-155,R35B03-Gal4 (III),w[1118],+,P{y[+t7.7] w[+mC]=GMR35B03-GAL4}attP2,Bloom 49816,Thad's stock request,
J-156,R19G04-Gal4 (III),w[1118],+,P{y[+t7.7] w[+mC]=GMR19G04-GAL4}attP2,Bloom 49838,Thad's stock request,
J-157,R22E02-Gal4 (III),w[1118],+,P{y[+t7.7] w[+mC]=GMR22E02-GAL4}attP2,Bloom 49872,Thad's stock request,
J-158,R22G11-Gal4 (III),w[1118],+,P{y[+t7.7] w[+mC]=GMR22G11-GAL4}attP2,Bloom 49878,Thad's stock request,
J-159,R35D09-Gal4 (III),w[1118],+,P{y[+t7.7] w[+mC]=GMR35D09-GAL4}attP2,Bloom 49909,Thad's stock request,
J-160,R40D04-Gal4 (III),w[1118],+,P{y[+t7.7] w[+mC]=GMR40D04-GAL4}attP2,Bloom 50083,Thad's stock request,
J-161,R42H07-Gal4 (III),w[1118],+,P{y[+t7.7] w[+mC]=GMR42H07-GAL4}attP2,Bloom 50172,Thad's stock request,
J-162,R43F04-Gal4 (III),w[1118],+,P{y[+t7.7] w[+mC]=GMR43F04-GAL4}attP2,Bloom 50190,Thad's stock request,
J-163,R47E10-Gal4 (III),w[1118],+,P{y[+t7.7] w[+mC]=GMR47E10-GAL4}attP2,Bloom 50315,Thad's stock request,
J-164,R53D08-Gal4 (III),w[1118],+,P{y[+t7.7] w[+mC]=GMR53D08-GAL4}attP2,Bloom 50427,Thad's stock request,
J-165,R54A12-Gal4 (III),w[1118],+,P{y[+t7.7] w[+mC]=GMR54A12-GAL4}attP2,Bloom 50462,Thad's stock request,
J-166,R52H02-Gal4 (III),w[1118],+,P{y[+t7.7] w[+mC]=GMR52H02-GAL4}attP2,Bloom 38848,Thad's stock request,
J-167,R71F02-Gal4 (III),w[1118],+,P{y[+t7.7] w[+mC]=GMR71F02-GAL4}attP2,Bloom 39594,Thad's stock request,
J-168,R48F07-Gal4 (III),w[1118],+,P{y[+t7.7] w[+mC]=GMR48F07-GAL4}attP2,Bloom 41273,Thad's stock request,
J-169,R11A09-Gal4 (III),w[1118],+,"P{y[+t7.7] w[+mC]=GMR11A09-GAL4}attP2/TM3, Sb[1]",Bloom 47847,Thad's stock request,
J-170,R37E10-Gal4 (III),w[1118],+,"P{y[+t7.7] w[+mC]=GMR37E10-GAL4}attP2/TM3, Sb[1]",Bloom 48132,Thad's stock request,
J-171,R10B03-Gal4 (III),w[1118],+,P{y[+t7.7] w[+mC]=GMR10B03-GAL4}attP2,Bloom 48241,Thad's stock request,
J-172,R14B02-Gal4 (III),w[1118],+,P{y[+t7.7] w[+mC]=GMR14B02-GAL4}attP2,Bloom 48598,Thad's stock request,
J-173,R20G08-Gal4 (III),w[1118],+,P{y[+t7.7] w[+mC]=GMR20G08-GAL4}attP2,Bloom 48910,Thad's stock request,
J-174,R21F03-Gal4 (III),w[1118],+,P{y[+t7.7] w[+mC]=GMR21F03-GAL4}attP2,Bloom 49863,Thad's stock request,
J-175,R38D03-Gal4 (III),w[1118],+,P{y[+t7.7] w[+mC]=GMR38D03-GAL4}attP2,Bloom 49998,Thad's stock request,
J-176,R47F01-Gal4 (III),w[1118],+,P{y[+t7.7] w[+mC]=GMR47F01-GAL4}attP2,Bloom 50318,Thad's stock request,
J-177,R54A03-Gal4 (III),w[1118],+,P{y[+t7.7] w[+mC]=GMR54A03GAL4}attP2,Bloom 50457,Thad's stock request,
J-178,R12G01-Gal4 (III),w[1118],+,P{y[+t7.7] w[+mC]=GMR12G01-GAL4}attP2,Bloom 48520,"Peter's stock request. Fan-shaped body (3,2)        ",
J-179,R14E06-Gal4 (III),w[1118],+,P{y[+t7.7] w[+mC]=GMR14E06-GAL4}attP2,Bloom 48643        ,"Peter's stock request. Fan-shaped body (4,2)",
J-180,R42B05-Gal4 (III),w[1118],+,P{y[+t7.7] w[+mC]=GMR42B05-GAL4}attP2,Bloom 41246,"Peter's stock request. Fan-shaped body (5,2)",
J-181,R44B10-Gal4 (III),w[1118],+,P{y[+t7.7] w[+mC]=GMR44B10-GAL4}attP2,Bloom 50202        ,"Peter's stock request. Fan-shaped body (5,2)",
J-182,R49A02-Gal4 (III),w[1118],+,P{y[+t7.7] w[+mC]=GMR49A02-GAL4}attP2 / Sb,Bloom 50398,"Peter's stock request. Fan-shaped body (3,3)",
J-183,R70C02-Gal4 (III),w[1118],+,P{y[+t7.7] w[+mC]=GMR70C02-GAL4}attP2,Bloom 39521,"Peter's stock request. Fan-shaped body (5,2)",
J-184,R73D06-Gal4 (III),w[1118],+,P{y[+t7.7] w[+mC]=GMR73D06-GAL4}attP2,Bloom 46692,"Peter's stock request. Fan-shaped body (5,2)",
J-185,R93F07-Gal4 (III),w[1118],+,P{y[+t7.7] w[+mC]=GMR93F07-GAL4}attP2,Bloom 40658,"Peter's stock request. Fan-shaped body (3,2)",
J-186,R94C05-Gal4 (III),w[1118],+,P{y[+t7.7] w[+mC]=GMR94C05-GAL4}attP2,Bloom 40679,"Peter's stock request. Fan-shaped body (5,2)",
J-187,R95F02-Gal4 (III),w[1118],+,P{y[+t7.7] w[+mC]=GMR95F02-GAL4}attP2,Bloom 47289,"Peter's stock request. Fan-shaped body (4,2)",
J-188,R89D01-Gal4 (III),w[1118],+,P{y[+t7.7] w[+mC]=GMR89D01-GAL4}attP2,Bloom 46880,Thad's stock request,
J-189,R25C01-Gal4 (III),w[1118],+,P{y[+t7.7] w[+mC]=GMR25C01-GAL4}attP2,Bloom 49115,Thad's stock request,
J-190,R19G08-Gal4 (III),w[1118],+,P{y[+t7.7] w[+mC]=GMR19G08-GAL4}attP2,Bloom 48863,Thad's stock request,
J-191,R57C10-Gal4 (III),w[1118],+,P{y[+t7.7] w[+mC]=GMR57C10-GAL4}attP2,Bloom 39171,Peter's stock request; a pan-neuronal line,
J-192,R69C11-Gal4 (III),w[1118],+,P{y[+t7.7] w[+mC]=GMR69C11-GAL4}attP2,Bloom 39487,Marie and Bettina's request,
J-193,R50D07-Gal4 (III),w[1118],+,P{y[+t7.7] w[+mC]=GMR50D07-GAL4}attP2,Bloom 38746,Marie and Bettina's request,
J-194,R58E07-Gal4 (III),w[1118],+,P{y[+t7.7] w[+mC]=GMR58E07-GAL4}attP2,Bloom 39183,Marie and Bettina's request,
J-195,R58H10-Gal4 (III),w[1118],+,P{y[+t7.7] w[+mC]=GMR58H10-GAL4}attP2,Bloom 39201,Marie and Bettina's request,
J-196,R37G07-Gal4 (III),w[1118],+,P{y[+t7.7] w[+mC]=GMR37G07-GAL4}attP2,Bloom 49537,Marie and Bettina's request,
J-197,R48E11-Gal4 (III),w[1118],+,P{y[+t7.7] w[+mC]=GMR48E11-GAL4}attP2,Bloom 50372,Marie and Bettina's request,
J-198,R47E06-Gal4 (III),w[1118],+,P{y[+t7.7] w[+mC]=GMR47E06-GAL4}attP2,Bloom 50313,Marie and Bettina's request,
J-199,R95D06-Gal4 (III),w[1118],+,P{y[+t7.7] w[+mC]=GMR95D06-GAL4}attP2,Bloom 48013,Thad's stock request. B1 motorneuron.,
J-200,R94H09-Gal4 (III),w[1118],+,P{y[+t7.7] w[+mC]=GMR94H09-GAL4}attP2,Bloom 40705,Marie's stock request,
J-201,R75G12-Gal4 (III),w[1118],+,P{y[+t7.7] w[+mC]=GMR75G12-GAL4}attP2 / Sb,Bloom 39906,Peter's stock request,
J-202,R55G08-Gal4 (III),w[1118],+,P{y[+t7.7] w[+mC]=GMR55G08-GAL4}attP2,Bloom 50422,Ainne's stock request,
J-203,R45G06-Gal4 (III),w[1118],+,P{y[+t7.7] w[+mC]=GMR45G06-GAL4}attP2,Bloom 50244,Ainne's stock request,
J-204,R44D02-Gal4 (III),w[1118],+,P{y[+t7.7] w[+mC]=GMR44D02-GAL4}attP2,Bloom 50205,Bettina's stock request,
J-205,R16F08-Gal4 (III),w[1118],+,P{y[+t7.7] w[+mC]=GMR16F08-GAL4}attP2,Bloom 48735,Bettina's stock request,
J-206,R17A04-Gal4 (III),w[1118],+,P{y[+t7.7] w[+mC]=GMR17A04-GAL4}attP2,Bloom 48750,Bettina's stock request,
J-207,R31E06-Gal4 (III),w[1118],+,P{y[+t7.7] w[+mC]=GMR31E06-GAL4}attP2,Bloom 49679,Bettina's stock request,
J-208,R84B12-Gal4 (III),w[1118],+,P{y[+t7.7] w[+mC]=GMR84B12-GAL4}attP2,Bloom 40383,Bettina's stock request,
J-209,R79D11-Gal4 (III),w[1118],+,P{y[+t7.7] w[+mC]=GMR79D11-GAL4}attP2,Bloom 40037,Bettina's stock request,
J-210,R24D07-Gal4 (III),w[1118],+,"P{y[+t7.7] w[+mC]=GMR24D07-GAL4}attP2/TM3, Sb[1]",Bloom 49315,Bettina's stock request,
J-211,R18C12-Gal4 (III),w[1118],+,P{y[+t7.7] w[+mC]=GMR18C12-GAL4}attP2,Bloom 48809,Anne/Thad's stock request,
J-212,R53C04-Gal4 (III),w[1118],+,P{y[+t7.7] w[+mC]=GMR53C04-GAL4}attP2,Bloom 38871,Marie's stock request,
J-213,R41B11-Gal4 (III),w[1118],+, P{y[+t7.7] w[+mC]=GMR41B11-GAL4}attP2,Bloom 41240,Marie's stock request,
J-214,,,,,,,
J-215,R28A08-Gal4 (III),w[1118],+,P{y[+t7.7] w[+mC]=GMR28A08-GAL4}attP2,"Bloom 49444
",Marie's stock request,
J-216,R34E01-Gal4 (III),w[1118],+,P{y[+t7.7] w[+mC]=GMR34E01-GAL4}attP2,Bloom 49787,Marie's stock request,
J-217,R11E07-Gal4 (III),w[1118],+,P{y[+t7.7] w[+mC]=GMR11E07-GAL4}attP2,Bloom 48460,Marie's stock request.  ,
J-218,R74F03-Gal4 (II),w[1118],+,P{y[+t7.7] w[+mC]=GMR74F03-GAL4}attP2,Bloom 39862,"Anne's / Thad's stock request.  Stripe enhancer, expressed in flight muscles.",
J-219,R74D08-Gal4 (II),w[1118],+,P{y[+t7.7] w[+mC]=GMR74D08-GAL4}attP2,Bloom 39854,"Anne's / Thad's stock request.  Stripe enhancer, expressed in flight muscles.",
J-220,R74E08-Gal4 (II),w[1118],+,P{y[+t7.7] w[+mC]=GMR74E08-GAL4}attP2,Bloom 39859,"Anne's / Thad's stock request.  Stripe enhancer, expressed in flight muscles.",
J-221,R74F04-Gal4 (II),w[1118],+,P{y[+t7.7] w[+mC]=GMR74F04-GAL4}attP2,Bloom 39863,"Anne's / Thad's stock request.  Stripe enhancer, expressed in flight muscles.",
J-222,R74D11-Gal4 (II),w[1118],+,P{y[+t7.7] w[+mC]=GMR74D11-GAL4}attP2,Bloom 47957,"Anne's / Thad's stock request.  Stripe enhancer, expressed in flight muscles.",
J-223,R71G01-Gal4 (III),+ [CS],+ [CS],P{w[+mC]=GMR71G01-GAL4}attP2,"Derived from Stock J-01, Bloom 39599, 10/2014",P1 neuron driver that mediates courtship behavior in males. Yufeng Pan et al. PNAS 2012. Crossed into a CS background for Sweta.,
J-224,R55B01-Gal4 (III),+,+,P{y[+t7.7] w[+mC]=GMR55B01-GAL4}attP2,Bloomington 39100; PR68,"Brought by Pavan, ""R55B01-Gal4, 3rd Chrom., Clean
TNT screen #2""",
J-225,R86D09-Gal4 (III),+,+,P{y[+t7.7] w[+mC]=GMR86D09-GAL4}attP2,Bloomington 40459; PR72,"Brought by Pavan, ""R86D09-Gal4, 3rd Chrom., Clean
TNT screen #6""",
J-226,R27B07-GAL4(III),+,+,P{y[+t7.7] w[+mC]=GMR27B07-GAL4}attP2,Bloomington 49212; PR86,"Brought by Pavan, Bloomington 49212 <- Janelia R27B07; PR86",
J-227,R46H11-Gal4 (III),+,+,P{y[+t7.7] w[+mC]=GMR46H11-GAL4}attP2,Bloomington 50284; P96,"Brought by Pavan, ""R46H11-Gal4, 3rd Chrom., Clean
TNT screen #30""",
J-228,R58E02-Gal4 (III),w[1118],+,P{y[+t7.7] w[+mC]=GMR58E02-GAL4}attP2,Bloom 41347,Floris' Stock Request,
J-229,R38H06-GAL4 (III),w[1118],+,P{y[+t7.7] w[+mC]=GMR38H06-GAL4}attP2,Bloom 50029,Thad's Stock Request,
J-230,R29H04-GAL4 (III),w[1118],+,P{y[+t7.7] w[+mC]=GMR29H04-GAL4}attP2,Bloom 49505,Thad's Stock Request,
J-231,R81E05‐GAL4 (III),w[1118],+,P{y[+t7.7] w[+mC]=GMR81E05‐GAL4}attP2,Bloom 40115,Thad's Stock Request,
J-232,R42D02‐GAL4 (III),w[1118],+,P{y[+t7.7] w[+mC]=GMR42D02‐GAL4}attP2,Bloom 41250,Thad's Stock Request,
J-233,R87B09‐GAL4 (III),w[1118],+,P{y[+t7.7] w[+mC]=GMR87B09‐GAL4}attP2,Bloom 41317,Thad's Stock Request,
J-234,R37A01‐GAL4 (III),w[1118],+,P{y[+t7.7] w[+mC]=GMR37A01‐GAL4}attP2,Bloom 45966,Thad's Stock Request,
J-235,R27H05‐GAL4 (III),w[1118],+,"P{y[+t7.7] w[+mC]=GMR27H05‐
GAL4}attP2/TM3, Sb[1]",Bloom 47519,Thad's Stock Request,
J-236,R10F02‐GAL4 (III),w[1118],+,P{y[+t7.7] w[+mC]=GMR10F02‐GAL4}attP2,Bloom 47843,Thad's Stock Request,
J-237,R30C07‐GAL4 (III),w[1118],+,P{y[+t7.7] w[+mC]=GMR30C07‐GAL4}attP2,Bloom 48097,Thad's Stock Request,
J-238,R11B02‐GAL4 (III),w[1118],+,P{y[+t7.7] w[+mC]=GMR11B02‐GAL4}attP2,Bloom 48284,Thad's Stock Request,
J-239,R78B06‐GAL4 (III),w[1118],+,"P{y[+t7.7] w[+mC]=GMR78B06‐
GAL4}attP2/TM3, Sb[1]",Bloom 48343,Thad's Stock Request,
J-240,R84G06‐GAL4 (III),w[1118],+,P{y[+t7.7] w[+mC]=GMR84G06‐GAL4}attP2,Bloom 48626,Thad's Stock Request,
J-241,R21H10‐GAL4 (III),w[1118],+,P{y[+t7.7] w[+mC]=GMR21H10‐GAL4}attP2,Bloom 48959,Thad's Stock Request,
J-242,R38D02‐GAL4 (III),w[1118],+,P{y[+t7.7] w[+mC]=GMR38D02‐GAL4}attP2,Bloom 49997,Thad's Stock Request,
J-243,R10A12‐GAL4 (III),w[1118],+,P{y[+t7.7] w[+mC]=GMR10A12‐GAL4}attP2,Bloom 47840,Thad's Stock Request,
J-244,R22H05‐GAL4 (III),w[1118],+,P{y[+t7.7] w[+mC]=GMR22H05‐GAL4}attP2,Bloom 49002,Thad's Stock Request,
J-245,R73A05‐GAL4 (III),w[1118],+,P{y[+t7.7] w[+mC]=GMR73A05‐GAL4}attP2,Bloom 39804,Thad's Stock Request,
J-246,R25H08‐GAL4 (III),w[1118],+,P{y[+t7.7] w[+mC]=GMR25H08‐GAL4}attP2,Bloom 49146,Thad's Stock Request,
J-247,R60D05-GAL4(III),w[1118],+,P{y[+t7.7] w[+mC]=GMR60D05-GAL4}attP2,Bloom 39247,"Peter's Stock Request, Expresses GAL4 under the control of DNA sequences in or near DmsR-2 (FBgn0035329)",
J-248,R56A09-GAL4(III),w[1118],+,P{y[+t7.7] w[+mC]=GMR56A09-GAL4}attP2,Bloom 39139,"Pavan's Stock Request, Expresses GAL4 under the control of DNA sequences in or near CG32778 (FBgn0262973)",
J-249,R56E03-GAL4(III),w[1118],+,P{y[+t7.7] w[+mC]=GMR56E03-GAL4}attP2,Bloom 39151,"Pavan's Stock Request, Expresses GAL4 under the control of DNA sequences in or near Mrtf (FBgn0052296)",
J-250,R82A12-GAL4(III),w[1118],+,P{y[+t7.7] w[+mC]=GMR82A12-GAL4}attP2,Bloom 40131,"Pavan's Stock Request, Expresses GAL4 under the control of DNA sequences in or near CG34367 (FBgn0085396)",
J-251,R32H01-GAL4(III),w[1118],+,P{y[+t7.7] w[+mC]=GMR32H01-GAL4}attP2,Bloom 46190,Pavan's Stock Request. Expresses GAL4 under the control of DNA sequences in or near eyg (FBgn0000625),
J-252,R82F08-GAL4(III),w[1118],+,P{y[+t7.7] w[+mC]=GMR82F08-GAL4}attP2,Bloom 47963,"Pavan's Stock Request, Expresses GAL4 under the control of DNA sequences in or near CG11085 (FBgn0030408)",
J-253,R25A07-GAL4(III),w[1118],+,P{y[+t7.7] w[+mC]=GMR25A07-GAL4}attP2,Bloom 48055,"Pavan's Stock Request, Expresses GAL4 under the control of DNA sequences in or near ari-1 (FBgn0017418)",
J-254,R77B07-GAL4(III),w[1118],+,"P{y[+t7.7] w[+mC]=GMR77B07-GAL4}attP2/TM3, Sb[1]",Bloom 48336,"Pavan's Stock Request, Expresses GAL4 under the control of DNA sequences in or near opa (FBgn0003002)",
J-255,R85A02-GAL4(III),w[1118],+,P{y[+t7.7] w[+mC]=GMR85A02-GAL4}attP2,Bloom 48627,"Pavan's Stock Request, Expresses GAL4 under the control of DNA sequences in or near H15 (FBgn0016660)",
J-256,R19G06-GAL4(III),w[1118],+,P{y[+t7.7] w[+mC]=GMR19G06-GAL4}attP2,Bloom 48861,"Pavan's Stock Request, Expresses GAL4 under the control of DNA sequences in or near gfA (FBgn0086778)",
J-257,R27B03-GAL4(III),w[1118],+,P{y[+t7.7] w[+mC]=GMR27B03-GAL4}attP2,Bloom 49211,"Pavan's Stock Request, Expresses GAL4 under the control of DNA sequences in or near grn (FBgn0001138)",
J-258,R38F09-GAL4(III),w[1118],+,P{y[+t7.7] w[+mC]=GMR38F09-GAL4}attP2,Bloom 50013,"Pavan's Stock Request, Expresses GAL4 under the control of DNA sequences in or near rdgA (FBgn0261549)",
J-259,R12D05-GAL4(III),w[1118],+,P{y[+t7.7] w[+mC]=GMR12D05-GAL4}attP2,Bloom 48501,"Thad's Request, Expresses GAL4 under the control of DNA sequences in or near dys (FBgn0039411)",
J-260,R42B02-GAL4(III),w[1118],+,P{y[+t7.7] w[+mC]=GMR42B02-GAL4}attP2,Bloom 50145,Ivo's Request,
J-261,R69C05-GAL4(III),w[1118],+,P{y[+t7.7] w[+mC]=GMR69C05-GAL4}attP2,Bloom 39485,"Pavan's request, Expresses GAL4 under the control of DNA sequences in or near br (FBgn0000210)",
J-262,R18G08-GAL4(III),w[1118],+,P{y[+t7.7] w[+mC]=GMR18G08-GAL4}attP2,Bloom 47877,"Pavan's request, Expresses GAL4 under the control of DNA sequences in or near pdfr",
J-263,R13D11-GAL4(III),w[1118],+,P{y[+t7.7] w[+mC]=GMR13D11-GAL4}attP2,Bloom 48562,"Pavan's Request, Expresses GAL4 under the control of DNA sequences in or near Ggamma30A",
J-264,R84D01-GAL4(III),w[1118],+,P{y[+t7.7] w[+mC]=GMR84D01-GAL4}attP2,Bloom 40388,"Thad's request, Expresses GAL4 under the control of DNA sequences in or near Eip93F",
J-265,R83A06-GAL4(III),w[1118],+,P{y[+t7.7] w[+mC]=GMR83A06-GAL4}attP2,Bloom 40347,"Thad's request, Expresses GAL4 under the control of DNA sequences in or near Alh",
J-266,R35G07-GAL4(III),w[1118],+,P{y[+t7.7] w[+mC]=GMR35G07-GAL4}attP2,Bloom 49919,"Thad's request, Expresses GAL4 under the control of DNA sequences in or near Eip74EF ",
J-267,R49E02-GAL4(III),w[1118],+,P{y[+t7.7] w[+mC]=GMR49E02-GAL4}attP2,Bloom 38687,"Thad's request, Expresses GAL4 under the control of DNA sequences in or near E2f",
J-268,R69A03-GAL4(III),w[1118],+,P{y[+t7.7] w[+mC]=GMR69A03-GAL4}attP2,Bloom 39474,"Thad's request, Expresses GAL4 under the control of DNA sequences in or near br",
J-269,R75B10-GAL4(III),w[1118],+,P{y[+t7.7] w[+mC]=GMR75B10-GAL4}attP2,Bloom 39884,"Thad's request, Expresses GAL4 under the control of DNA sequences in or near mamo ",
J-270,R46D02-GAL4(III),w[1118],+,P{y[+t7.7] w[+mC]=GMR46D02-GAL4}attP2,Bloom 50263,"Thad's request, Expresses GAL4 under the control of DNA sequences in or near Eip75B",
J-271,R79C08-GAL4(III),w[1118],+,P{y[+t7.7] w[+mC]=GMR79C08-GAL4}attP2,Bloom 40032,"Thad's request, Expresses GAL4 under the control of DNA sequences in or near CG16779",
J-272,R30A09-GAL4(III),w[1118],+,P{y[+t7.7] w[+mC]=GMR30A09-GAL4}attP2,Bloom 49514,"Thad's request, Expresses GAL4 under the control of DNA sequences in or near fdl ",
J-273,R75C06-GAL4(III),w[1118],+,P{y[+t7.7] w[+mC]=GMR75C06-GAL4}attP2,Bloom 39888,"Thad's request, Expresses GAL4 under the control of DNA sequences in or near mamo",
J-274,R59H06-GAL4(III),w[1118],+,P{y[+t7.7] w[+mC]=GMR59H06-GAL4}attP2,Bloom 39230,"Thad's request, Expresses GAL4 under the control of DNA sequences in or near ftz-f1",
J-275,R83H12-GAL4(III),w[1118],+,P{y[+t7.7] w[+mC]=GMR83H12-GAL4}attP2,Bloom 40374,Peter's request,
J-276,R67B06-GAL4(III),w[1118],+,"P{y[+t7.7] w[+mC]=GMR67B06-GAL4}attP2/TM3, Sb[1]",Bloom 48294,Peter's request,
J-277,R72G03-GAL4(III),w[1118],+,P{y[+t7.7] w[+mC]=GMR72G03-GAL4}attP2,Bloom 48309,Peter's request,
J-278,R53A01-GAL4 (III),w[1118],+,P{y[+t7.7] w[+mC]=GMR53A01-GAL4}attP2,Bloom 38857,,
J-279,R25C01-GAL4 (III),w[1118],+,P{y[+t7.7] w[+mC]=GMR25C01-GAL4}attP2,Bloom 49115,,
J-280,R53A10-GAL4(III),w[1118],+,P{y[+t7.7] w[+mC]=GMR53A10-GAL4}attP2,Bloom 49582,,
J-281,R55A03-GAL4(III),w[1118],+,P{y[+t7.7] w[+mC]=GMR55A03-GAL4}attP2,Bloom 39095,,
J-282,R64H04-GAL4(III),w[1118],+,P{y[+t7.7] w[+mC]=GMR64H04-GAL4}attP2,Bloom 39323,Ysabel's request,
J-283,R38H02-GAL4(III),w[1118],+,P{y[+t7.7] w[+mC]=GMR38H02-GAL4}attP2,Bloom 47352,Ysabel's request,
J-284,R22E12-GAL4 (III),w[1118],+,P{y[+t7.7] w[+mC]=GMR22E12-GAL4}attP2,Bloom 48988,Thad's request,
